timestamp_utc,container_id,mem_used_raw,mem_used_bytes
2026-02-22T17:37:28.2659473Z,73d04b5b4d7d98a86cc2f94af9e962cbe1047cb54604d2a826cda7ebcc0267fc,59.17MiB,62044242
2026-02-22T17:38:29.5465932Z,73d04b5b4d7d98a86cc2f94af9e962cbe1047cb54604d2a826cda7ebcc0267fc,59.36MiB,62243471
2026-02-22T17:39:31.8536128Z,73d04b5b4d7d98a86cc2f94af9e962cbe1047cb54604d2a826cda7ebcc0267fc,59.06MiB,61928899
2026-02-22T17:40:34.1817323Z,73d04b5b4d7d98a86cc2f94af9e962cbe1047cb54604d2a826cda7ebcc0267fc,60.05MiB,62966989
2026-02-22T17:41:35.3782592Z,73d04b5b4d7d98a86cc2f94af9e962cbe1047cb54604d2a826cda7ebcc0267fc,60.74MiB,63690506
2026-02-22T17:42:36.5650413Z,73d04b5b4d7d98a86cc2f94af9e962cbe1047cb54604d2a826cda7ebcc0267fc,59.82MiB,62725816
2026-02-22T17:43:37.7608342Z,73d04b5b4d7d98a86cc2f94af9e962cbe1047cb54604d2a826cda7ebcc0267fc,60.32MiB,63250104
2026-02-22T17:44:39.7820452Z,73d04b5b4d7d98a86cc2f94af9e962cbe1047cb54604d2a826cda7ebcc0267fc,59.63MiB,62526587
2026-02-22T17:45:42.1292131Z,73d04b5b4d7d98a86cc2f94af9e962cbe1047cb54604d2a826cda7ebcc0267fc,59.73MiB,62631444
2026-02-22T17:46:43.3561412Z,73d04b5b4d7d98a86cc2f94af9e962cbe1047cb54604d2a826cda7ebcc0267fc,60.65MiB,63596134
2026-02-22T17:47:44.5398657Z,73d04b5b4d7d98a86cc2f94af9e962cbe1047cb54604d2a826cda7ebcc0267fc,59.88MiB,62788731
2026-02-22T17:48:45.7264873Z,73d04b5b4d7d98a86cc2f94af9e962cbe1047cb54604d2a826cda7ebcc0267fc,60.62MiB,63564677
2026-02-22T17:49:46.9211483Z,73d04b5b4d7d98a86cc2f94af9e962cbe1047cb54604d2a826cda7ebcc0267fc,59.73MiB,62631444
2026-02-22T17:50:48.1468953Z,73d04b5b4d7d98a86cc2f94af9e962cbe1047cb54604d2a826cda7ebcc0267fc,59.79MiB,62694359
2026-02-22T17:51:50.1497196Z,73d04b5b4d7d98a86cc2f94af9e962cbe1047cb54604d2a826cda7ebcc0267fc,60.75MiB,63700992
2026-02-22T17:52:52.4810647Z,73d04b5b4d7d98a86cc2f94af9e962cbe1047cb54604d2a826cda7ebcc0267fc,60MiB,62914560
2026-02-22T17:53:54.7568526Z,73d04b5b4d7d98a86cc2f94af9e962cbe1047cb54604d2a826cda7ebcc0267fc,59.52MiB,62411244
2026-02-22T17:54:55.9509086Z,73d04b5b4d7d98a86cc2f94af9e962cbe1047cb54604d2a826cda7ebcc0267fc,59.28MiB,62159585
2026-02-22T17:55:57.1225952Z,73d04b5b4d7d98a86cc2f94af9e962cbe1047cb54604d2a826cda7ebcc0267fc,60.18MiB,63103304
2026-02-22T17:56:58.3015705Z,73d04b5b4d7d98a86cc2f94af9e962cbe1047cb54604d2a826cda7ebcc0267fc,59.9MiB,62809702
2026-02-22T17:58:00.4137473Z,73d04b5b4d7d98a86cc2f94af9e962cbe1047cb54604d2a826cda7ebcc0267fc,59.62MiB,62516101
2026-02-22T17:59:02.9114369Z,73d04b5b4d7d98a86cc2f94af9e962cbe1047cb54604d2a826cda7ebcc0267fc,59.92MiB,62830674
2026-02-22T18:00:05.0934902Z,73d04b5b4d7d98a86cc2f94af9e962cbe1047cb54604d2a826cda7ebcc0267fc,59.56MiB,62453187
2026-02-22T18:01:06.2664817Z,73d04b5b4d7d98a86cc2f94af9e962cbe1047cb54604d2a826cda7ebcc0267fc,60.75MiB,63700992
2026-02-22T18:02:07.4559249Z,73d04b5b4d7d98a86cc2f94af9e962cbe1047cb54604d2a826cda7ebcc0267fc,60.04MiB,62956503
2026-02-22T18:03:08.6648782Z,73d04b5b4d7d98a86cc2f94af9e962cbe1047cb54604d2a826cda7ebcc0267fc,59.75MiB,62652416
2026-02-22T18:04:10.6833563Z,73d04b5b4d7d98a86cc2f94af9e962cbe1047cb54604d2a826cda7ebcc0267fc,59.93MiB,62841160
2026-02-22T18:05:13.0402611Z,73d04b5b4d7d98a86cc2f94af9e962cbe1047cb54604d2a826cda7ebcc0267fc,59.93MiB,62841160
2026-02-22T18:06:15.3161455Z,73d04b5b4d7d98a86cc2f94af9e962cbe1047cb54604d2a826cda7ebcc0267fc,60.76MiB,63711478
2026-02-22T18:07:16.4936291Z,73d04b5b4d7d98a86cc2f94af9e962cbe1047cb54604d2a826cda7ebcc0267fc,60.61MiB,63554191
2026-02-22T18:08:17.6670051Z,73d04b5b4d7d98a86cc2f94af9e962cbe1047cb54604d2a826cda7ebcc0267fc,59.88MiB,62788731
2026-02-22T18:09:18.8627348Z,73d04b5b4d7d98a86cc2f94af9e962cbe1047cb54604d2a826cda7ebcc0267fc,59.94MiB,62851645
2026-02-22T18:10:20.9541358Z,73d04b5b4d7d98a86cc2f94af9e962cbe1047cb54604d2a826cda7ebcc0267fc,60.01MiB,62925046
2026-02-22T18:11:22.1972962Z,73d04b5b4d7d98a86cc2f94af9e962cbe1047cb54604d2a826cda7ebcc0267fc,59.76MiB,62662902
2026-02-22T18:12:24.6495033Z,73d04b5b4d7d98a86cc2f94af9e962cbe1047cb54604d2a826cda7ebcc0267fc,60.09MiB,63008932
2026-02-22T18:13:25.8447955Z,73d04b5b4d7d98a86cc2f94af9e962cbe1047cb54604d2a826cda7ebcc0267fc,59.85MiB,62757274
2026-02-22T18:14:27.0299905Z,73d04b5b4d7d98a86cc2f94af9e962cbe1047cb54604d2a826cda7ebcc0267fc,104.5MiB,109576192
2026-02-22T18:15:28.2134303Z,73d04b5b4d7d98a86cc2f94af9e962cbe1047cb54604d2a826cda7ebcc0267fc,59.86MiB,62767759
2026-02-22T18:16:29.4021959Z,73d04b5b4d7d98a86cc2f94af9e962cbe1047cb54604d2a826cda7ebcc0267fc,60.69MiB,63638077
2026-02-22T18:17:31.2937873Z,73d04b5b4d7d98a86cc2f94af9e962cbe1047cb54604d2a826cda7ebcc0267fc,60.13MiB,63050875
2026-02-22T18:18:33.6536697Z,73d04b5b4d7d98a86cc2f94af9e962cbe1047cb54604d2a826cda7ebcc0267fc,59.87MiB,62778245
2026-02-22T18:19:35.9206538Z,73d04b5b4d7d98a86cc2f94af9e962cbe1047cb54604d2a826cda7ebcc0267fc,59.83MiB,62736302
2026-02-22T18:20:37.1088701Z,73d04b5b4d7d98a86cc2f94af9e962cbe1047cb54604d2a826cda7ebcc0267fc,59.8MiB,62704845
2026-02-22T18:21:38.2877654Z,73d04b5b4d7d98a86cc2f94af9e962cbe1047cb54604d2a826cda7ebcc0267fc,60.85MiB,63805850
2026-02-22T18:22:39.4857823Z,73d04b5b4d7d98a86cc2f94af9e962cbe1047cb54604d2a826cda7ebcc0267fc,60.05MiB,62966989
2026-02-22T18:23:41.5524697Z,73d04b5b4d7d98a86cc2f94af9e962cbe1047cb54604d2a826cda7ebcc0267fc,60.76MiB,63711478
2026-02-22T18:24:43.9031450Z,73d04b5b4d7d98a86cc2f94af9e962cbe1047cb54604d2a826cda7ebcc0267fc,59.99MiB,62904074
2026-02-22T18:25:45.1350601Z,73d04b5b4d7d98a86cc2f94af9e962cbe1047cb54604d2a826cda7ebcc0267fc,60.21MiB,63134761
2026-02-22T18:26:46.3319166Z,73d04b5b4d7d98a86cc2f94af9e962cbe1047cb54604d2a826cda7ebcc0267fc,60.22MiB,63145247
2026-02-22T18:27:47.5102070Z,73d04b5b4d7d98a86cc2f94af9e962cbe1047cb54604d2a826cda7ebcc0267fc,59.85MiB,62757274
2026-02-22T18:28:48.7649488Z,73d04b5b4d7d98a86cc2f94af9e962cbe1047cb54604d2a826cda7ebcc0267fc,59.43MiB,62316872
2026-02-22T18:29:49.9920454Z,73d04b5b4d7d98a86cc2f94af9e962cbe1047cb54604d2a826cda7ebcc0267fc,60.36MiB,63292047
2026-02-22T18:30:51.9133368Z,73d04b5b4d7d98a86cc2f94af9e962cbe1047cb54604d2a826cda7ebcc0267fc,61.18MiB,64151880
2026-02-22T18:31:54.2846743Z,73d04b5b4d7d98a86cc2f94af9e962cbe1047cb54604d2a826cda7ebcc0267fc,60.98MiB,63942164
2026-02-22T18:32:56.5875193Z,73d04b5b4d7d98a86cc2f94af9e962cbe1047cb54604d2a826cda7ebcc0267fc,60.23MiB,63155732
2026-02-22T18:33:57.7644308Z,73d04b5b4d7d98a86cc2f94af9e962cbe1047cb54604d2a826cda7ebcc0267fc,59.39MiB,62274929
2026-02-22T18:34:58.9517049Z,73d04b5b4d7d98a86cc2f94af9e962cbe1047cb54604d2a826cda7ebcc0267fc,59.41MiB,62295900
2026-02-22T18:36:00.1594906Z,73d04b5b4d7d98a86cc2f94af9e962cbe1047cb54604d2a826cda7ebcc0267fc,60.34MiB,63271076
2026-02-22T18:37:02.2064601Z,73d04b5b4d7d98a86cc2f94af9e962cbe1047cb54604d2a826cda7ebcc0267fc,61.28MiB,64256737
2026-02-22T18:38:04.5287578Z,73d04b5b4d7d98a86cc2f94af9e962cbe1047cb54604d2a826cda7ebcc0267fc,59.93MiB,62841160
2026-02-22T18:39:05.8457714Z,73d04b5b4d7d98a86cc2f94af9e962cbe1047cb54604d2a826cda7ebcc0267fc,60.24MiB,63166218
2026-02-22T18:40:07.0304873Z,73d04b5b4d7d98a86cc2f94af9e962cbe1047cb54604d2a826cda7ebcc0267fc,60.03MiB,62946017
2026-02-22T18:41:08.2038655Z,73d04b5b4d7d98a86cc2f94af9e962cbe1047cb54604d2a826cda7ebcc0267fc,60.07MiB,62987960
2026-02-22T18:42:09.3949451Z,73d04b5b4d7d98a86cc2f94af9e962cbe1047cb54604d2a826cda7ebcc0267fc,60.82MiB,63774392
2026-02-22T18:43:10.6142147Z,73d04b5b4d7d98a86cc2f94af9e962cbe1047cb54604d2a826cda7ebcc0267fc,60.06MiB,62977475
2026-02-22T18:44:12.5884424Z,73d04b5b4d7d98a86cc2f94af9e962cbe1047cb54604d2a826cda7ebcc0267fc,59.99MiB,62904074
2026-02-22T18:45:14.9637323Z,73d04b5b4d7d98a86cc2f94af9e962cbe1047cb54604d2a826cda7ebcc0267fc,59.73MiB,62631444
2026-02-22T18:46:17.2431854Z,73d04b5b4d7d98a86cc2f94af9e962cbe1047cb54604d2a826cda7ebcc0267fc,60.55MiB,63491277
2026-02-22T18:47:18.4425039Z,73d04b5b4d7d98a86cc2f94af9e962cbe1047cb54604d2a826cda7ebcc0267fc,60.02MiB,62935532
2026-02-22T18:48:19.6378915Z,73d04b5b4d7d98a86cc2f94af9e962cbe1047cb54604d2a826cda7ebcc0267fc,59.51MiB,62400758
2026-02-22T18:49:20.8724215Z,73d04b5b4d7d98a86cc2f94af9e962cbe1047cb54604d2a826cda7ebcc0267fc,59.52MiB,62411244
2026-02-22T18:50:22.9833390Z,73d04b5b4d7d98a86cc2f94af9e962cbe1047cb54604d2a826cda7ebcc0267fc,60.5MiB,63438848
2026-02-22T18:51:25.2211396Z,73d04b5b4d7d98a86cc2f94af9e962cbe1047cb54604d2a826cda7ebcc0267fc,60.43MiB,63365448
2026-02-22T18:52:27.4904271Z,73d04b5b4d7d98a86cc2f94af9e962cbe1047cb54604d2a826cda7ebcc0267fc,60.07MiB,62987960
2026-02-22T18:53:28.6688892Z,73d04b5b4d7d98a86cc2f94af9e962cbe1047cb54604d2a826cda7ebcc0267fc,59.65MiB,62547558
2026-02-22T18:54:29.8542841Z,73d04b5b4d7d98a86cc2f94af9e962cbe1047cb54604d2a826cda7ebcc0267fc,59.65MiB,62547558
2026-02-22T18:55:31.0554149Z,73d04b5b4d7d98a86cc2f94af9e962cbe1047cb54604d2a826cda7ebcc0267fc,60.22MiB,63145247
2026-02-22T18:56:33.1645478Z,73d04b5b4d7d98a86cc2f94af9e962cbe1047cb54604d2a826cda7ebcc0267fc,60.84MiB,63795364
2026-02-22T18:57:35.5232632Z,73d04b5b4d7d98a86cc2f94af9e962cbe1047cb54604d2a826cda7ebcc0267fc,60.13MiB,63050875
2026-02-22T18:58:37.7616542Z,73d04b5b4d7d98a86cc2f94af9e962cbe1047cb54604d2a826cda7ebcc0267fc,59.83MiB,62736302
2026-02-22T18:59:38.9391418Z,73d04b5b4d7d98a86cc2f94af9e962cbe1047cb54604d2a826cda7ebcc0267fc,61.29MiB,64267223
2026-02-22T19:00:40.1303536Z,73d04b5b4d7d98a86cc2f94af9e962cbe1047cb54604d2a826cda7ebcc0267fc,59.91MiB,62820188
2026-02-22T19:01:41.3192766Z,73d04b5b4d7d98a86cc2f94af9e962cbe1047cb54604d2a826cda7ebcc0267fc,60.8MiB,63753421
2026-02-22T19:02:43.3941160Z,73d04b5b4d7d98a86cc2f94af9e962cbe1047cb54604d2a826cda7ebcc0267fc,60.09MiB,63008932
2026-02-22T19:03:45.7654554Z,73d04b5b4d7d98a86cc2f94af9e962cbe1047cb54604d2a826cda7ebcc0267fc,60.04MiB,62956503
2026-02-22T19:04:46.9971749Z,73d04b5b4d7d98a86cc2f94af9e962cbe1047cb54604d2a826cda7ebcc0267fc,60.09MiB,63008932
2026-02-22T19:05:48.1825477Z,73d04b5b4d7d98a86cc2f94af9e962cbe1047cb54604d2a826cda7ebcc0267fc,60.28MiB,63208161
2026-02-22T19:06:49.3620809Z,73d04b5b4d7d98a86cc2f94af9e962cbe1047cb54604d2a826cda7ebcc0267fc,60.96MiB,63921193
2026-02-22T19:07:50.5382770Z,73d04b5b4d7d98a86cc2f94af9e962cbe1047cb54604d2a826cda7ebcc0267fc,59.57MiB,62463672
2026-02-22T19:08:51.7372277Z,73d04b5b4d7d98a86cc2f94af9e962cbe1047cb54604d2a826cda7ebcc0267fc,59.92MiB,62830674
2026-02-22T19:09:53.8190559Z,73d04b5b4d7d98a86cc2f94af9e962cbe1047cb54604d2a826cda7ebcc0267fc,59.73MiB,62631444
2026-02-22T19:10:55.0536770Z,73d04b5b4d7d98a86cc2f94af9e962cbe1047cb54604d2a826cda7ebcc0267fc,59.7MiB,62599987
2026-02-22T19:11:57.3587772Z,73d04b5b4d7d98a86cc2f94af9e962cbe1047cb54604d2a826cda7ebcc0267fc,60.81MiB,63763907
2026-02-22T19:12:58.5387588Z,73d04b5b4d7d98a86cc2f94af9e962cbe1047cb54604d2a826cda7ebcc0267fc,60.4MiB,63333990
2026-02-22T19:13:59.7205731Z,73d04b5b4d7d98a86cc2f94af9e962cbe1047cb54604d2a826cda7ebcc0267fc,82.27MiB,86266348
2026-02-22T19:15:00.9029155Z,73d04b5b4d7d98a86cc2f94af9e962cbe1047cb54604d2a826cda7ebcc0267fc,59.84MiB,62746788
2026-02-22T19:16:02.1327694Z,73d04b5b4d7d98a86cc2f94af9e962cbe1047cb54604d2a826cda7ebcc0267fc,59.69MiB,62589501
2026-02-22T19:17:04.1670417Z,73d04b5b4d7d98a86cc2f94af9e962cbe1047cb54604d2a826cda7ebcc0267fc,60.62MiB,63564677
2026-02-22T19:18:06.5314060Z,73d04b5b4d7d98a86cc2f94af9e962cbe1047cb54604d2a826cda7ebcc0267fc,60.09MiB,63008932
2026-02-22T19:19:07.7486652Z,73d04b5b4d7d98a86cc2f94af9e962cbe1047cb54604d2a826cda7ebcc0267fc,59.91MiB,62820188
2026-02-22T19:20:08.9365478Z,73d04b5b4d7d98a86cc2f94af9e962cbe1047cb54604d2a826cda7ebcc0267fc,59.98MiB,62893588
2026-02-22T19:21:10.1151173Z,73d04b5b4d7d98a86cc2f94af9e962cbe1047cb54604d2a826cda7ebcc0267fc,59.74MiB,62641930
2026-02-22T19:22:11.2908834Z,73d04b5b4d7d98a86cc2f94af9e962cbe1047cb54604d2a826cda7ebcc0267fc,60.65MiB,63596134
2026-02-22T19:23:12.4802135Z,73d04b5b4d7d98a86cc2f94af9e962cbe1047cb54604d2a826cda7ebcc0267fc,60.26MiB,63187190
2026-02-22T19:24:14.5048209Z,73d04b5b4d7d98a86cc2f94af9e962cbe1047cb54604d2a826cda7ebcc0267fc,59.77MiB,62673388
2026-02-22T19:25:16.8533982Z,73d04b5b4d7d98a86cc2f94af9e962cbe1047cb54604d2a826cda7ebcc0267fc,59.88MiB,62788731
2026-02-22T19:26:18.0500364Z,73d04b5b4d7d98a86cc2f94af9e962cbe1047cb54604d2a826cda7ebcc0267fc,59.75MiB,62652416
2026-02-22T19:27:19.2293291Z,73d04b5b4d7d98a86cc2f94af9e962cbe1047cb54604d2a826cda7ebcc0267fc,60.51MiB,63449334
2026-02-22T19:28:20.4128587Z,73d04b5b4d7d98a86cc2f94af9e962cbe1047cb54604d2a826cda7ebcc0267fc,60.6MiB,63543706
2026-02-22T19:29:21.5947197Z,73d04b5b4d7d98a86cc2f94af9e962cbe1047cb54604d2a826cda7ebcc0267fc,59.82MiB,62725816
2026-02-22T19:30:22.7925827Z,73d04b5b4d7d98a86cc2f94af9e962cbe1047cb54604d2a826cda7ebcc0267fc,59.85MiB,62757274
2026-02-22T19:31:24.8750594Z,73d04b5b4d7d98a86cc2f94af9e962cbe1047cb54604d2a826cda7ebcc0267fc,59.91MiB,62820188
2026-02-22T19:32:27.2491838Z,73d04b5b4d7d98a86cc2f94af9e962cbe1047cb54604d2a826cda7ebcc0267fc,60.8MiB,63753421
2026-02-22T19:33:29.5494345Z,73d04b5b4d7d98a86cc2f94af9e962cbe1047cb54604d2a826cda7ebcc0267fc,60.12MiB,63040389
2026-02-22T19:34:30.7603824Z,73d04b5b4d7d98a86cc2f94af9e962cbe1047cb54604d2a826cda7ebcc0267fc,60.31MiB,63239619
2026-02-22T19:35:31.9392300Z,73d04b5b4d7d98a86cc2f94af9e962cbe1047cb54604d2a826cda7ebcc0267fc,60.06MiB,62977475
2026-02-22T19:36:33.1497871Z,73d04b5b4d7d98a86cc2f94af9e962cbe1047cb54604d2a826cda7ebcc0267fc,60.22MiB,63145247
2026-02-22T19:37:35.1604141Z,73d04b5b4d7d98a86cc2f94af9e962cbe1047cb54604d2a826cda7ebcc0267fc,60.11MiB,63029903
2026-02-22T19:38:37.5413641Z,73d04b5b4d7d98a86cc2f94af9e962cbe1047cb54604d2a826cda7ebcc0267fc,59.5MiB,62390272
2026-02-22T19:39:39.8844868Z,73d04b5b4d7d98a86cc2f94af9e962cbe1047cb54604d2a826cda7ebcc0267fc,59.77MiB,62673388
2026-02-22T19:40:41.0783870Z,73d04b5b4d7d98a86cc2f94af9e962cbe1047cb54604d2a826cda7ebcc0267fc,59.79MiB,62694359
2026-02-22T19:41:42.2525897Z,73d04b5b4d7d98a86cc2f94af9e962cbe1047cb54604d2a826cda7ebcc0267fc,60.27MiB,63197676
2026-02-22T19:42:43.4633520Z,73d04b5b4d7d98a86cc2f94af9e962cbe1047cb54604d2a826cda7ebcc0267fc,61.19MiB,64162365
2026-02-22T19:43:45.4344947Z,73d04b5b4d7d98a86cc2f94af9e962cbe1047cb54604d2a826cda7ebcc0267fc,59.44MiB,62327357
2026-02-22T19:44:47.7721843Z,73d04b5b4d7d98a86cc2f94af9e962cbe1047cb54604d2a826cda7ebcc0267fc,59.69MiB,62589501
2026-02-22T19:45:50.0832017Z,73d04b5b4d7d98a86cc2f94af9e962cbe1047cb54604d2a826cda7ebcc0267fc,60.2MiB,63124275
2026-02-22T19:46:51.2612851Z,73d04b5b4d7d98a86cc2f94af9e962cbe1047cb54604d2a826cda7ebcc0267fc,60.35MiB,63281562
2026-02-22T19:47:52.4474089Z,73d04b5b4d7d98a86cc2f94af9e962cbe1047cb54604d2a826cda7ebcc0267fc,61.22MiB,64193823
2026-02-22T19:48:53.6498268Z,73d04b5b4d7d98a86cc2f94af9e962cbe1047cb54604d2a826cda7ebcc0267fc,60.3MiB,63229133
2026-02-22T19:49:55.6861292Z,73d04b5b4d7d98a86cc2f94af9e962cbe1047cb54604d2a826cda7ebcc0267fc,59.46MiB,62348329
2026-02-22T19:50:58.0498072Z,73d04b5b4d7d98a86cc2f94af9e962cbe1047cb54604d2a826cda7ebcc0267fc,59.5MiB,62390272
2026-02-22T19:52:00.3274487Z,73d04b5b4d7d98a86cc2f94af9e962cbe1047cb54604d2a826cda7ebcc0267fc,60.33MiB,63260590
2026-02-22T19:53:01.5112686Z,73d04b5b4d7d98a86cc2f94af9e962cbe1047cb54604d2a826cda7ebcc0267fc,60.13MiB,63050875
2026-02-22T19:54:02.6953249Z,73d04b5b4d7d98a86cc2f94af9e962cbe1047cb54604d2a826cda7ebcc0267fc,59.59MiB,62484644
2026-02-22T19:55:03.9042317Z,73d04b5b4d7d98a86cc2f94af9e962cbe1047cb54604d2a826cda7ebcc0267fc,59.79MiB,62694359
2026-02-22T19:56:05.9938968Z,73d04b5b4d7d98a86cc2f94af9e962cbe1047cb54604d2a826cda7ebcc0267fc,60.54MiB,63480791
2026-02-22T19:57:08.3484539Z,73d04b5b4d7d98a86cc2f94af9e962cbe1047cb54604d2a826cda7ebcc0267fc,60.51MiB,63449334
2026-02-22T19:58:10.6402759Z,73d04b5b4d7d98a86cc2f94af9e962cbe1047cb54604d2a826cda7ebcc0267fc,60.15MiB,63071846
2026-02-22T19:59:11.8265652Z,73d04b5b4d7d98a86cc2f94af9e962cbe1047cb54604d2a826cda7ebcc0267fc,59.94MiB,62851645
2026-02-22T20:00:13.0162499Z,73d04b5b4d7d98a86cc2f94af9e962cbe1047cb54604d2a826cda7ebcc0267fc,59.68MiB,62579016
2026-02-22T20:01:14.2024699Z,73d04b5b4d7d98a86cc2f94af9e962cbe1047cb54604d2a826cda7ebcc0267fc,101.5MiB,106430464
2026-02-22T20:02:16.2271239Z,73d04b5b4d7d98a86cc2f94af9e962cbe1047cb54604d2a826cda7ebcc0267fc,60.57MiB,63512248
2026-02-22T20:03:18.6151223Z,73d04b5b4d7d98a86cc2f94af9e962cbe1047cb54604d2a826cda7ebcc0267fc,65.39MiB,68566385
2026-02-22T20:04:20.9208561Z,73d04b5b4d7d98a86cc2f94af9e962cbe1047cb54604d2a826cda7ebcc0267fc,59.75MiB,62652416
2026-02-22T20:05:22.1091970Z,73d04b5b4d7d98a86cc2f94af9e962cbe1047cb54604d2a826cda7ebcc0267fc,59.95MiB,62862131
2026-02-22T20:06:23.2938773Z,73d04b5b4d7d98a86cc2f94af9e962cbe1047cb54604d2a826cda7ebcc0267fc,59.73MiB,62631444
2026-02-22T20:07:24.4865410Z,73d04b5b4d7d98a86cc2f94af9e962cbe1047cb54604d2a826cda7ebcc0267fc,60.62MiB,63564677
2026-02-22T20:08:26.5341158Z,73d04b5b4d7d98a86cc2f94af9e962cbe1047cb54604d2a826cda7ebcc0267fc,60.11MiB,63029903
2026-02-22T20:09:28.8997776Z,73d04b5b4d7d98a86cc2f94af9e962cbe1047cb54604d2a826cda7ebcc0267fc,59.8MiB,62704845
2026-02-22T20:10:31.1945830Z,73d04b5b4d7d98a86cc2f94af9e962cbe1047cb54604d2a826cda7ebcc0267fc,60.24MiB,63166218
2026-02-22T20:11:32.3739012Z,73d04b5b4d7d98a86cc2f94af9e962cbe1047cb54604d2a826cda7ebcc0267fc,60MiB,62914560
2026-02-22T20:12:33.5554182Z,73d04b5b4d7d98a86cc2f94af9e962cbe1047cb54604d2a826cda7ebcc0267fc,60.81MiB,63763907
2026-02-22T20:13:34.7411789Z,73d04b5b4d7d98a86cc2f94af9e962cbe1047cb54604d2a826cda7ebcc0267fc,60.34MiB,63271076
2026-02-22T20:14:36.8929545Z,73d04b5b4d7d98a86cc2f94af9e962cbe1047cb54604d2a826cda7ebcc0267fc,60.21MiB,63134761
2026-02-22T20:15:39.3006448Z,73d04b5b4d7d98a86cc2f94af9e962cbe1047cb54604d2a826cda7ebcc0267fc,60.27MiB,63197676
2026-02-22T20:16:41.5233294Z,73d04b5b4d7d98a86cc2f94af9e962cbe1047cb54604d2a826cda7ebcc0267fc,60.36MiB,63292047
2026-02-22T20:17:42.7171023Z,73d04b5b4d7d98a86cc2f94af9e962cbe1047cb54604d2a826cda7ebcc0267fc,60.94MiB,63900221
2026-02-22T20:18:43.9376161Z,73d04b5b4d7d98a86cc2f94af9e962cbe1047cb54604d2a826cda7ebcc0267fc,60.02MiB,62935532
2026-02-22T20:19:45.1310744Z,73d04b5b4d7d98a86cc2f94af9e962cbe1047cb54604d2a826cda7ebcc0267fc,60.47MiB,63407391
2026-02-22T20:20:47.0653409Z,73d04b5b4d7d98a86cc2f94af9e962cbe1047cb54604d2a826cda7ebcc0267fc,59.74MiB,62641930
2026-02-22T20:21:49.4015018Z,73d04b5b4d7d98a86cc2f94af9e962cbe1047cb54604d2a826cda7ebcc0267fc,60.58MiB,63522734
2026-02-22T20:22:50.6254735Z,73d04b5b4d7d98a86cc2f94af9e962cbe1047cb54604d2a826cda7ebcc0267fc,61.67MiB,64665682
2026-02-22T20:23:51.8044544Z,73d04b5b4d7d98a86cc2f94af9e962cbe1047cb54604d2a826cda7ebcc0267fc,60.43MiB,63365448
2026-02-22T20:24:52.9888744Z,73d04b5b4d7d98a86cc2f94af9e962cbe1047cb54604d2a826cda7ebcc0267fc,60.33MiB,63260590
2026-02-22T20:25:54.1783365Z,73d04b5b4d7d98a86cc2f94af9e962cbe1047cb54604d2a826cda7ebcc0267fc,59.75MiB,62652416
2026-02-22T20:26:55.3946398Z,73d04b5b4d7d98a86cc2f94af9e962cbe1047cb54604d2a826cda7ebcc0267fc,60.61MiB,63554191
2026-02-22T20:27:57.4151106Z,73d04b5b4d7d98a86cc2f94af9e962cbe1047cb54604d2a826cda7ebcc0267fc,60.68MiB,63627592
2026-02-22T20:28:59.7599204Z,73d04b5b4d7d98a86cc2f94af9e962cbe1047cb54604d2a826cda7ebcc0267fc,59.86MiB,62767759
2026-02-22T20:30:02.0773415Z,73d04b5b4d7d98a86cc2f94af9e962cbe1047cb54604d2a826cda7ebcc0267fc,60.77MiB,63721964
2026-02-22T20:31:03.2727144Z,73d04b5b4d7d98a86cc2f94af9e962cbe1047cb54604d2a826cda7ebcc0267fc,59.89MiB,62799217
2026-02-22T20:32:04.4607903Z,73d04b5b4d7d98a86cc2f94af9e962cbe1047cb54604d2a826cda7ebcc0267fc,60.91MiB,63868764
2026-02-22T20:33:05.6919085Z,73d04b5b4d7d98a86cc2f94af9e962cbe1047cb54604d2a826cda7ebcc0267fc,60.42MiB,63354962
2026-02-22T20:34:07.6478598Z,73d04b5b4d7d98a86cc2f94af9e962cbe1047cb54604d2a826cda7ebcc0267fc,61.23MiB,64204308
2026-02-22T20:35:10.0278765Z,73d04b5b4d7d98a86cc2f94af9e962cbe1047cb54604d2a826cda7ebcc0267fc,60.13MiB,63050875
2026-02-22T20:36:12.2909421Z,73d04b5b4d7d98a86cc2f94af9e962cbe1047cb54604d2a826cda7ebcc0267fc,60.09MiB,63008932
2026-02-22T20:37:13.4817315Z,73d04b5b4d7d98a86cc2f94af9e962cbe1047cb54604d2a826cda7ebcc0267fc,61.07MiB,64036536
2026-02-22T20:38:14.6785044Z,73d04b5b4d7d98a86cc2f94af9e962cbe1047cb54604d2a826cda7ebcc0267fc,60.42MiB,63354962
2026-02-22T20:39:15.9092051Z,73d04b5b4d7d98a86cc2f94af9e962cbe1047cb54604d2a826cda7ebcc0267fc,60.38MiB,63313019
2026-02-22T20:40:17.9491941Z,73d04b5b4d7d98a86cc2f94af9e962cbe1047cb54604d2a826cda7ebcc0267fc,60.16MiB,63082332
2026-02-22T20:41:20.2812410Z,73d04b5b4d7d98a86cc2f94af9e962cbe1047cb54604d2a826cda7ebcc0267fc,60.34MiB,63271076
2026-02-22T20:42:22.5840547Z,73d04b5b4d7d98a86cc2f94af9e962cbe1047cb54604d2a826cda7ebcc0267fc,61.12MiB,64088965
2026-02-22T20:43:23.7692619Z,73d04b5b4d7d98a86cc2f94af9e962cbe1047cb54604d2a826cda7ebcc0267fc,60.48MiB,63417876
2026-02-22T20:44:25.0502991Z,73d04b5b4d7d98a86cc2f94af9e962cbe1047cb54604d2a826cda7ebcc0267fc,60.35MiB,63281562
2026-02-22T20:45:26.2503004Z,73d04b5b4d7d98a86cc2f94af9e962cbe1047cb54604d2a826cda7ebcc0267fc,59.75MiB,62652416
2026-02-22T20:46:28.2251696Z,73d04b5b4d7d98a86cc2f94af9e962cbe1047cb54604d2a826cda7ebcc0267fc,60.64MiB,63585649
2026-02-22T20:47:30.5548071Z,73d04b5b4d7d98a86cc2f94af9e962cbe1047cb54604d2a826cda7ebcc0267fc,60.68MiB,63627592
2026-02-22T20:48:32.8493398Z,73d04b5b4d7d98a86cc2f94af9e962cbe1047cb54604d2a826cda7ebcc0267fc,60.46MiB,63396905
2026-02-22T20:49:34.0290150Z,73d04b5b4d7d98a86cc2f94af9e962cbe1047cb54604d2a826cda7ebcc0267fc,59.93MiB,62841160
2026-02-22T20:50:35.2111969Z,73d04b5b4d7d98a86cc2f94af9e962cbe1047cb54604d2a826cda7ebcc0267fc,60.5MiB,63438848
2026-02-22T20:51:36.3945578Z,73d04b5b4d7d98a86cc2f94af9e962cbe1047cb54604d2a826cda7ebcc0267fc,60.34MiB,63271076
2026-02-22T20:52:38.4362612Z,73d04b5b4d7d98a86cc2f94af9e962cbe1047cb54604d2a826cda7ebcc0267fc,60.32MiB,63250104
2026-02-22T20:53:40.8056415Z,73d04b5b4d7d98a86cc2f94af9e962cbe1047cb54604d2a826cda7ebcc0267fc,61.49MiB,64476938
2026-02-22T20:54:43.1076219Z,73d04b5b4d7d98a86cc2f94af9e962cbe1047cb54604d2a826cda7ebcc0267fc,60.45MiB,63386419
2026-02-22T20:55:44.2896968Z,73d04b5b4d7d98a86cc2f94af9e962cbe1047cb54604d2a826cda7ebcc0267fc,61.33MiB,64309166
2026-02-22T20:56:45.4816377Z,73d04b5b4d7d98a86cc2f94af9e962cbe1047cb54604d2a826cda7ebcc0267fc,59.79MiB,62694359
2026-02-22T20:57:46.7063579Z,73d04b5b4d7d98a86cc2f94af9e962cbe1047cb54604d2a826cda7ebcc0267fc,59.75MiB,62652416
2026-02-22T20:58:48.7922945Z,73d04b5b4d7d98a86cc2f94af9e962cbe1047cb54604d2a826cda7ebcc0267fc,60MiB,62914560
2026-02-22T20:59:51.1697868Z,73d04b5b4d7d98a86cc2f94af9e962cbe1047cb54604d2a826cda7ebcc0267fc,59.75MiB,62652416
2026-02-22T21:00:53.4680315Z,73d04b5b4d7d98a86cc2f94af9e962cbe1047cb54604d2a826cda7ebcc0267fc,60.78MiB,63732449
2026-02-22T21:01:54.6871483Z,73d04b5b4d7d98a86cc2f94af9e962cbe1047cb54604d2a826cda7ebcc0267fc,60.64MiB,63585649
2026-02-22T21:02:55.8743085Z,73d04b5b4d7d98a86cc2f94af9e962cbe1047cb54604d2a826cda7ebcc0267fc,60.4MiB,63333990
2026-02-22T21:03:57.0784630Z,73d04b5b4d7d98a86cc2f94af9e962cbe1047cb54604d2a826cda7ebcc0267fc,60.34MiB,63271076
2026-02-22T21:04:59.1090842Z,73d04b5b4d7d98a86cc2f94af9e962cbe1047cb54604d2a826cda7ebcc0267fc,60.96MiB,63921193
2026-02-22T21:06:01.4811563Z,73d04b5b4d7d98a86cc2f94af9e962cbe1047cb54604d2a826cda7ebcc0267fc,60.57MiB,63512248
2026-02-22T21:07:03.8163319Z,73d04b5b4d7d98a86cc2f94af9e962cbe1047cb54604d2a826cda7ebcc0267fc,60.52MiB,63459820
2026-02-22T21:08:05.0170410Z,73d04b5b4d7d98a86cc2f94af9e962cbe1047cb54604d2a826cda7ebcc0267fc,61.34MiB,64319652
2026-02-22T21:09:06.2136748Z,73d04b5b4d7d98a86cc2f94af9e962cbe1047cb54604d2a826cda7ebcc0267fc,60.49MiB,63428362
2026-02-22T21:10:07.4192136Z,73d04b5b4d7d98a86cc2f94af9e962cbe1047cb54604d2a826cda7ebcc0267fc,60.25MiB,63176704
2026-02-22T21:11:09.4024369Z,73d04b5b4d7d98a86cc2f94af9e962cbe1047cb54604d2a826cda7ebcc0267fc,60.2MiB,63124275
2026-02-22T21:12:11.8229990Z,73d04b5b4d7d98a86cc2f94af9e962cbe1047cb54604d2a826cda7ebcc0267fc,60.43MiB,63365448
2026-02-22T21:13:14.0446393Z,73d04b5b4d7d98a86cc2f94af9e962cbe1047cb54604d2a826cda7ebcc0267fc,60.09MiB,63008932
2026-02-22T21:14:15.2293499Z,73d04b5b4d7d98a86cc2f94af9e962cbe1047cb54604d2a826cda7ebcc0267fc,60.26MiB,63187190
2026-02-22T21:15:16.4087167Z,73d04b5b4d7d98a86cc2f94af9e962cbe1047cb54604d2a826cda7ebcc0267fc,60.04MiB,62956503
2026-02-22T21:16:17.6057360Z,73d04b5b4d7d98a86cc2f94af9e962cbe1047cb54604d2a826cda7ebcc0267fc,59.98MiB,62893588
2026-02-22T21:17:19.6877090Z,73d04b5b4d7d98a86cc2f94af9e962cbe1047cb54604d2a826cda7ebcc0267fc,60.18MiB,63103304
2026-02-22T21:18:22.0389243Z,73d04b5b4d7d98a86cc2f94af9e962cbe1047cb54604d2a826cda7ebcc0267fc,59.93MiB,62841160
2026-02-22T21:19:24.3713248Z,73d04b5b4d7d98a86cc2f94af9e962cbe1047cb54604d2a826cda7ebcc0267fc,59.86MiB,62767759
2026-02-22T21:20:25.5564845Z,73d04b5b4d7d98a86cc2f94af9e962cbe1047cb54604d2a826cda7ebcc0267fc,60.07MiB,62987960
2026-02-22T21:21:26.7484454Z,73d04b5b4d7d98a86cc2f94af9e962cbe1047cb54604d2a826cda7ebcc0267fc,61.19MiB,64162365
2026-02-22T21:22:27.9717812Z,73d04b5b4d7d98a86cc2f94af9e962cbe1047cb54604d2a826cda7ebcc0267fc,60.48MiB,63417876
2026-02-22T21:23:29.9411572Z,73d04b5b4d7d98a86cc2f94af9e962cbe1047cb54604d2a826cda7ebcc0267fc,60.52MiB,63459820
2026-02-22T21:24:32.3356224Z,73d04b5b4d7d98a86cc2f94af9e962cbe1047cb54604d2a826cda7ebcc0267fc,60.32MiB,63250104
2026-02-22T21:25:34.6363805Z,73d04b5b4d7d98a86cc2f94af9e962cbe1047cb54604d2a826cda7ebcc0267fc,60.27MiB,63197676
2026-02-22T21:26:35.8268403Z,73d04b5b4d7d98a86cc2f94af9e962cbe1047cb54604d2a826cda7ebcc0267fc,60.15MiB,63071846
2026-02-22T21:27:37.0263169Z,73d04b5b4d7d98a86cc2f94af9e962cbe1047cb54604d2a826cda7ebcc0267fc,60.2MiB,63124275
2026-02-22T21:28:38.2325520Z,73d04b5b4d7d98a86cc2f94af9e962cbe1047cb54604d2a826cda7ebcc0267fc,59.98MiB,62893588
2026-02-22T21:29:40.3180772Z,73d04b5b4d7d98a86cc2f94af9e962cbe1047cb54604d2a826cda7ebcc0267fc,59.82MiB,62725816
2026-02-22T21:30:42.6948228Z,73d04b5b4d7d98a86cc2f94af9e962cbe1047cb54604d2a826cda7ebcc0267fc,61.05MiB,64015565
2026-02-22T21:31:44.9522156Z,73d04b5b4d7d98a86cc2f94af9e962cbe1047cb54604d2a826cda7ebcc0267fc,59.94MiB,62851645
2026-02-22T21:32:46.1418537Z,73d04b5b4d7d98a86cc2f94af9e962cbe1047cb54604d2a826cda7ebcc0267fc,60.2MiB,63124275
2026-02-22T21:33:47.3296934Z,73d04b5b4d7d98a86cc2f94af9e962cbe1047cb54604d2a826cda7ebcc0267fc,60.04MiB,62956503
2026-02-22T21:34:48.5198790Z,73d04b5b4d7d98a86cc2f94af9e962cbe1047cb54604d2a826cda7ebcc0267fc,59.87MiB,62778245
2026-02-22T21:35:50.5797604Z,73d04b5b4d7d98a86cc2f94af9e962cbe1047cb54604d2a826cda7ebcc0267fc,60.94MiB,63900221
2026-02-22T21:36:52.9094164Z,73d04b5b4d7d98a86cc2f94af9e962cbe1047cb54604d2a826cda7ebcc0267fc,61.42MiB,64403538
2026-02-22T21:37:55.1878410Z,73d04b5b4d7d98a86cc2f94af9e962cbe1047cb54604d2a826cda7ebcc0267fc,61.61MiB,64602767
2026-02-22T21:38:56.3829688Z,73d04b5b4d7d98a86cc2f94af9e962cbe1047cb54604d2a826cda7ebcc0267fc,60.43MiB,63365448
2026-02-22T21:39:57.5702585Z,73d04b5b4d7d98a86cc2f94af9e962cbe1047cb54604d2a826cda7ebcc0267fc,60.19MiB,63113789
2026-02-22T21:40:58.7830098Z,73d04b5b4d7d98a86cc2f94af9e962cbe1047cb54604d2a826cda7ebcc0267fc,60.38MiB,63313019
2026-02-22T21:42:00.9198117Z,73d04b5b4d7d98a86cc2f94af9e962cbe1047cb54604d2a826cda7ebcc0267fc,60.52MiB,63459820
2026-02-22T21:43:03.2665381Z,73d04b5b4d7d98a86cc2f94af9e962cbe1047cb54604d2a826cda7ebcc0267fc,60.06MiB,62977475
2026-02-22T21:44:04.4650760Z,73d04b5b4d7d98a86cc2f94af9e962cbe1047cb54604d2a826cda7ebcc0267fc,60.68MiB,63627592
2026-02-22T21:45:05.6581987Z,73d04b5b4d7d98a86cc2f94af9e962cbe1047cb54604d2a826cda7ebcc0267fc,60.69MiB,63638077
2026-02-22T21:46:06.8737339Z,73d04b5b4d7d98a86cc2f94af9e962cbe1047cb54604d2a826cda7ebcc0267fc,45.59MiB,47804580
2026-02-22T21:47:08.0934623Z,73d04b5b4d7d98a86cc2f94af9e962cbe1047cb54604d2a826cda7ebcc0267fc,46.21MiB,48454697
2026-02-22T21:48:09.3580446Z,73d04b5b4d7d98a86cc2f94af9e962cbe1047cb54604d2a826cda7ebcc0267fc,46.65MiB,48916070
2026-02-22T21:49:11.3734291Z,73d04b5b4d7d98a86cc2f94af9e962cbe1047cb54604d2a826cda7ebcc0267fc,46.6MiB,48863642
2026-02-22T21:50:13.7323970Z,73d04b5b4d7d98a86cc2f94af9e962cbe1047cb54604d2a826cda7ebcc0267fc,46.71MiB,48978985
2026-02-22T21:51:16.0416530Z,73d04b5b4d7d98a86cc2f94af9e962cbe1047cb54604d2a826cda7ebcc0267fc,47.48MiB,49786388
2026-02-22T21:52:17.2357691Z,73d04b5b4d7d98a86cc2f94af9e962cbe1047cb54604d2a826cda7ebcc0267fc,63.91MiB,67014492
2026-02-22T21:53:18.4303587Z,73d04b5b4d7d98a86cc2f94af9e962cbe1047cb54604d2a826cda7ebcc0267fc,48.38MiB,50730107
2026-02-22T21:54:19.6654653Z,73d04b5b4d7d98a86cc2f94af9e962cbe1047cb54604d2a826cda7ebcc0267fc,48.21MiB,50551849
2026-02-22T21:55:21.5960292Z,73d04b5b4d7d98a86cc2f94af9e962cbe1047cb54604d2a826cda7ebcc0267fc,48.23MiB,50572820
2026-02-22T21:56:23.6170424Z,73d04b5b4d7d98a86cc2f94af9e962cbe1047cb54604d2a826cda7ebcc0267fc,48.96MiB,51338281
2026-02-22T21:57:25.5960319Z,73d04b5b4d7d98a86cc2f94af9e962cbe1047cb54604d2a826cda7ebcc0267fc,48.88MiB,51254395
2026-02-22T21:58:26.8808131Z,73d04b5b4d7d98a86cc2f94af9e962cbe1047cb54604d2a826cda7ebcc0267fc,49.96MiB,52386857
2026-02-22T21:59:28.1804267Z,73d04b5b4d7d98a86cc2f94af9e962cbe1047cb54604d2a826cda7ebcc0267fc,49.51MiB,51914998
2026-02-22T22:00:29.3609697Z,73d04b5b4d7d98a86cc2f94af9e962cbe1047cb54604d2a826cda7ebcc0267fc,49.76MiB,52177142
2026-02-22T22:01:30.5693171Z,73d04b5b4d7d98a86cc2f94af9e962cbe1047cb54604d2a826cda7ebcc0267fc,50.29MiB,52732887
2026-02-22T22:02:31.9664215Z,73d04b5b4d7d98a86cc2f94af9e962cbe1047cb54604d2a826cda7ebcc0267fc,50.06MiB,52491715
2026-02-22T22:03:34.3729752Z,73d04b5b4d7d98a86cc2f94af9e962cbe1047cb54604d2a826cda7ebcc0267fc,51.48MiB,53980692
2026-02-22T22:04:36.6678851Z,73d04b5b4d7d98a86cc2f94af9e962cbe1047cb54604d2a826cda7ebcc0267fc,50.53MiB,52984545
2026-02-22T22:05:37.8663034Z,73d04b5b4d7d98a86cc2f94af9e962cbe1047cb54604d2a826cda7ebcc0267fc,52.41MiB,54955868
2026-02-22T22:06:39.0662011Z,73d04b5b4d7d98a86cc2f94af9e962cbe1047cb54604d2a826cda7ebcc0267fc,51.95MiB,54473523
2026-02-22T22:07:40.2505484Z,73d04b5b4d7d98a86cc2f94af9e962cbe1047cb54604d2a826cda7ebcc0267fc,52.02MiB,54546924
2026-02-22T22:08:42.2676378Z,73d04b5b4d7d98a86cc2f94af9e962cbe1047cb54604d2a826cda7ebcc0267fc,45.27MiB,47469036
2026-02-22T22:09:44.6225956Z,73d04b5b4d7d98a86cc2f94af9e962cbe1047cb54604d2a826cda7ebcc0267fc,42.22MiB,44270879
2026-02-22T22:10:45.8318168Z,73d04b5b4d7d98a86cc2f94af9e962cbe1047cb54604d2a826cda7ebcc0267fc,42.68MiB,44753224
2026-02-22T22:11:47.0229936Z,73d04b5b4d7d98a86cc2f94af9e962cbe1047cb54604d2a826cda7ebcc0267fc,43.19MiB,45287997
2026-02-22T22:12:48.2198617Z,73d04b5b4d7d98a86cc2f94af9e962cbe1047cb54604d2a826cda7ebcc0267fc,42.68MiB,44753224
2026-02-22T22:13:49.4072992Z,73d04b5b4d7d98a86cc2f94af9e962cbe1047cb54604d2a826cda7ebcc0267fc,44.29MiB,46441431
2026-02-22T22:14:50.6336350Z,73d04b5b4d7d98a86cc2f94af9e962cbe1047cb54604d2a826cda7ebcc0267fc,45.38MiB,47584379
2026-02-22T22:15:52.6820764Z,73d04b5b4d7d98a86cc2f94af9e962cbe1047cb54604d2a826cda7ebcc0267fc,46.82MiB,49094328
2026-02-22T22:16:54.9720387Z,73d04b5b4d7d98a86cc2f94af9e962cbe1047cb54604d2a826cda7ebcc0267fc,74.13MiB,77730939
2026-02-22T22:17:57.2973891Z,73d04b5b4d7d98a86cc2f94af9e962cbe1047cb54604d2a826cda7ebcc0267fc,45.55MiB,47762637
2026-02-22T22:18:58.5014915Z,73d04b5b4d7d98a86cc2f94af9e962cbe1047cb54604d2a826cda7ebcc0267fc,46.91MiB,49188700
2026-02-22T22:19:59.6784766Z,73d04b5b4d7d98a86cc2f94af9e962cbe1047cb54604d2a826cda7ebcc0267fc,46.62MiB,48884613
2026-02-22T22:21:00.8830566Z,73d04b5b4d7d98a86cc2f94af9e962cbe1047cb54604d2a826cda7ebcc0267fc,46.57MiB,48832184
2026-02-22T22:22:02.8932499Z,73d04b5b4d7d98a86cc2f94af9e962cbe1047cb54604d2a826cda7ebcc0267fc,46.46MiB,48716841
2026-02-22T22:23:05.2774888Z,73d04b5b4d7d98a86cc2f94af9e962cbe1047cb54604d2a826cda7ebcc0267fc,48.16MiB,50499420
2026-02-22T22:24:07.5483281Z,73d04b5b4d7d98a86cc2f94af9e962cbe1047cb54604d2a826cda7ebcc0267fc,47.55MiB,49859789
2026-02-22T22:25:08.7459588Z,73d04b5b4d7d98a86cc2f94af9e962cbe1047cb54604d2a826cda7ebcc0267fc,48.18MiB,50520392
2026-02-22T22:26:10.0657073Z,73d04b5b4d7d98a86cc2f94af9e962cbe1047cb54604d2a826cda7ebcc0267fc,49.28MiB,51673825
2026-02-22T22:27:11.3048693Z,73d04b5b4d7d98a86cc2f94af9e962cbe1047cb54604d2a826cda7ebcc0267fc,49.32MiB,51715768
2026-02-22T22:28:13.5366117Z,73d04b5b4d7d98a86cc2f94af9e962cbe1047cb54604d2a826cda7ebcc0267fc,51.32MiB,53812920
2026-02-22T22:29:16.0229445Z,73d04b5b4d7d98a86cc2f94af9e962cbe1047cb54604d2a826cda7ebcc0267fc,50.72MiB,53183775
2026-02-22T22:30:17.3335272Z,73d04b5b4d7d98a86cc2f94af9e962cbe1047cb54604d2a826cda7ebcc0267fc,51.09MiB,53571748
2026-02-22T22:31:18.5709827Z,73d04b5b4d7d98a86cc2f94af9e962cbe1047cb54604d2a826cda7ebcc0267fc,51.37MiB,53865349
2026-02-22T22:32:19.8406613Z,73d04b5b4d7d98a86cc2f94af9e962cbe1047cb54604d2a826cda7ebcc0267fc,52.43MiB,54976840
2026-02-22T22:33:21.1383267Z,73d04b5b4d7d98a86cc2f94af9e962cbe1047cb54604d2a826cda7ebcc0267fc,53.01MiB,55585014
